<TSROUTE.InputParameters>
  <!-- Global parameters -->
  <TraceFile>TSROUTE.log</TraceFile>
  <TraceMaxSize>300000</TraceMaxSize>
  <TraceLevel>information</TraceLevel>
  <ConsoleTraceLevel>information</ConsoleTraceLevel>
  <!-- Stream 1 parameters -->
  <!-- MPEG4 SPTS -->
  <Stream>
    <Name>Stream1</Name>
    <OutputFile>Stream1.xml</OutputFile>
    <RefreshPeriod>5</RefreshPeriod>
    <TSFile>TEST1.TS</TSFile>
    <UdpIpAddress>239.1.1.1</UdpIpAddress>
    <UdpPort>2501</UdpPort>
    <TTL>2</TTL>
    <Loop>-1</Loop>
    <UpdateTimeStamp>1</UpdateTimeStamp>
  </Stream>
  <Stream>
    <Name>Stream2</Name>
    <OutputFile>Stream2.xml</OutputFile>
    <RefreshPeriod>5</RefreshPeriod>
    <TSFile>TEST2.TS</TSFile>
    <UdpIpAddress>239.1.1.2</UdpIpAddress>
    <UdpPort>2502</UdpPort>
    <TTL>2</TTL>
    <Loop>-1</Loop>
    <UpdateTimeStamp>1</UpdateTimeStamp>
  </Stream>
</TSROUTE.InputParameters>
